OBJECTID,UR2022_V1_00,UR2022_V1_00_NAME,UR2022_V1_00_NAME_ASCII,IUR2022_V1_00,IUR2022_V1_00_NAME,LAND_AREA_SQ_KM,AREA_SQ_KM,Shape_Length,Shape_Area
1,1001,Pukenui,Pukenui,21,Rural settlement,20.69233467,20.69233467,26481.91538,20692341.91
2,1002,Kaimaumau,Kaimaumau,21,Rural settlement,37.08649885,37.08649885,32229.27267,37086090.49
3,1003,Tokerau Beach,Tokerau Beach,21,Rural settlement,0.77961338,0.77961338,5234.776587,779588.776
4,1004,Karikari,Karikari,21,Rural settlement,6.65916423,6.65916423,18409.88508,6659206.563
5,1005,Awanui,Awanui,21,Rural settlement,0.96215004,0.96215004,6491.870755,962206.9456
6,1006,Ahipara,Ahipara,21,Rural settlement,4.52817343,4.52817343,15908.06887,4527638.694
7,1007,Kaitāia,Kaitaia,14,Small urban area,8.47857741,8.47857741,16162.13532,8478648.964
8,1008,Taipā,Taipa,21,Rural settlement,0.53558987,0.53558987,3680.235321,535782.9291
9,1009,Cable Bay,Cable Bay,21,Rural settlement,3.63439625,3.63439625,13902.04611,3634496.332
10,1010,Coopers Beach,Coopers Beach,21,Rural settlement,1.72265557,1.72265557,10680.00904,1722675.304
11,1011,Hihi,Hihi,21,Rural settlement,1.43076207,1.43076207,9171.761746,1430872.932
12,1012,Mangōnui,Mangonui,21,Rural settlement,4.39032189,4.39032189,11139.42466,4390179.668
13,1013,Other rural Far North District,Other rural Far North District,22,Rural other,6469.52548,6469.52548,2263816.216,6469519532
14,1014,Whangaroa,Whangaroa,21,Rural settlement,1.26807656,1.26807656,9140.02546,1268081.829
15,1016,Kāeo,Kaeo,21,Rural settlement,1.38921042,1.38921042,6856.308885,1388886.995
16,1017,Kohukohu,Kohukohu,21,Rural settlement,4.26480097,4.26480097,11966.30214,4264479.413
17,1018,Rāwene,Rawene,21,Rural settlement,2.14775254,2.14775254,9257.621721,2147676.986
18,1019,Opononi,Opononi,21,Rural settlement,0.49683538,0.49683538,4470.281254,496912.561
19,1020,Ōmāpere,Omapere,21,Rural settlement,12.90872581,12.90872581,25917.55094,12908514.11
20,1021,Ōkaihau,Okaihau,21,Rural settlement,3.55767684,3.55767684,12907.33,3557429.562
21,1022,Waipapa,Waipapa,21,Rural settlement,1.07341475,1.07341475,6643.81364,1073156.946
22,1023,Inland water Far North District,Inland water Far North District,31,Inland water,0,12.3478204,15307.33194,12347632.97
23,1024,Rangitāne,Rangitane,21,Rural settlement,3.74888721,3.74888721,13628.3606,3748744.245
24,1025,Kerikeri,Kerikeri,14,Small urban area,25.39482479,25.39482479,42815.27369,25394898.06
25,1026,Kaikohe,Kaikohe,14,Small urban area,5.67503558,5.67503558,14225.54844,5674952.074
26,1027,Kerikeri Inlet,Kerikeri Inlet,21,Rural settlement,14.12255288,14.12255288,44710.96733,14122607.14
27,1028,Ōhaeawai,Ohaeawai,21,Rural settlement,12.73796886,12.73796886,25031.48694,12738279.55
28,1029,Ngāwhā Springs,Ngawha Springs,21,Rural settlement,3.67161251,3.67161251,8060.109101,3671584.635
29,1030,Waitangi (Far North District),Waitangi (Far North District),21,Rural settlement,17.19079447,17.19079447,29229.62872,17190526.62
30,1031,Haruru,Haruru,14,Small urban area,1.52723263,1.52723263,8067.418693,1527335.167
31,1032,Paihia,Paihia,14,Small urban area,2.24160101,2.24160101,10583.59338,2241595.435
32,1033,Russell,Russell,21,Rural settlement,3.27986223,3.27986223,12456.49691,3280111.44
33,1034,Ōpua,Opua,14,Small urban area,5.60752911,5.60752911,19773.74333,5607583.143
34,1035,Moerewa,Moerewa,14,Small urban area,1.87566952,1.87566952,10465.70331,1875076.917
35,1036,Ōkiato,Okiato,21,Rural settlement,0.32960761,0.32960761,3647.315485,329591.7266
36,1037,Kawakawa,Kawakawa,14,Small urban area,1.73138109,1.73138109,8878.871948,1731276.396
37,1038,Ōakura-Whangaruru South,Oakura-Whangaruru South,21,Rural settlement,2.02819911,2.02819911,13353.0047,2028119.766
38,1039,Hikurangi,Hikurangi,14,Small urban area,4.00139063,4.00139063,12220.70405,4001121.984
39,1040,Other rural Whāngārei District,Other rural Whangarei District,22,Rural other,2600.040365,2600.040365,962615.6204,2600037910
40,1041,Maungatāpere,Maungatapere,21,Rural settlement,1.29242783,1.29242783,6167.646837,1292321.108
41,1042,Matapōuri,Matapouri,21,Rural settlement,1.75714435,1.75714435,15760.45305,1757157.035
42,1043,Whangārei,Whangarei,12,Large urban area,57.05568743,57.05568743,73989.71273,57055777.22
43,1044,Ngunguru,Ngunguru,14,Small urban area,3.56894133,3.56894133,17820.87502,3569214.306
44,1046,Tutukākā,Tutukaka,21,Rural settlement,6.98364384,6.98364384,29091.85741,6983502.5
45,1047,Pātaua,Pataua,21,Rural settlement,2.06245943,2.06245943,14160.7919,2062550.104
46,1048,Pārua Bay,Parua Bay,21,Rural settlement,1.86760797,1.86760797,8396.580856,1867734.926
47,1049,One Tree Point,One Tree Point,14,Small urban area,2.57796449,2.57796449,8561.781486,2577909.48
48,1050,Ruakākā,Ruakaka,14,Small urban area,15.59194583,15.59194583,22737.07805,15591676.42
49,1051,Whangārei Heads,Whangarei Heads,21,Rural settlement,5.15974252,5.15974252,17195.71641,5159594.427
50,1052,Waipū,Waipu,14,Small urban area,2.89308709,2.89308709,10121.0858,2893035.396
51,1053,Waipū Cove-Langs Beach,Waipu Cove-Langs Beach,21,Rural settlement,5.24986008,5.24986008,15941.01782,5249835.409
52,1054,Baylys Beach,Baylys Beach,21,Rural settlement,0.56325705,0.56325705,3797.042013,563315.9971
53,1055,Dargaville,Dargaville,14,Small urban area,12.55901038,12.55901038,21534.13629,12559616.57
54,1056,Te Kōpuru,Te Kopuru,21,Rural settlement,2.63084467,2.63084467,7730.367563,2630579.906
55,1057,Other rural Kaipara District,Other rural Kaipara District,22,Rural other,3056.389218,3056.389218,980137.6733,3056386333
56,1058,Rūāwai,Ruawai,21,Rural settlement,3.20575434,3.20575434,9279.888411,3205958.358
57,1059,Paparoa,Paparoa,21,Rural settlement,8.73975548,8.73975548,17870.25429,8739411.932
58,1060,Pahi,Pahi,21,Rural settlement,5.61555193,5.61555193,19946.65037,5615255.297
59,1061,Maungatūroto,Maungaturoto,21,Rural settlement,3.17312447,3.17312447,9683.983223,3173034.879
60,1062,Kaiwaka,Kaiwaka,21,Rural settlement,7.23267571,7.23267571,18042.86453,7232637.678
61,1063,Mangawhai Heads,Mangawhai Heads,14,Small urban area,6.98753193,6.98753193,14756.64293,6987352.429
62,1064,Mangawhai,Mangawhai,21,Rural settlement,1.99444762,1.99444762,8934.152148,1994386.835
63,1066,Port Albert,Port Albert,21,Rural settlement,2.61299927,2.61299927,9153.983414,2612971.705
64,1067,Te Hana,Te Hana,21,Rural settlement,0.75717498,0.75717498,5169.263583,757218.7736
65,1068,Wellsford,Wellsford,14,Small urban area,4.55290152,4.55290152,11565.1051,4552640.514
66,1069,Kaipara Flats,Kaipara Flats,21,Rural settlement,1.52527974,1.52527974,7037.147292,1525561.23
67,1070,Shelly Beach,Shelly Beach,21,Rural settlement,0.30768441,0.30768441,2833.106465,307853.7872
68,1071,Warkworth,Warkworth,14,Small urban area,15.58174498,15.58174498,28006.28673,15581609.95
69,1072,Matakana,Matakana,21,Rural settlement,1.59646568,1.59646568,7667.561864,1596351.449
70,1073,Whangateau,Whangateau,21,Rural settlement,1.16112742,1.16112742,7273.497395,1161191.558
71,1074,Point Wells,Point Wells,21,Rural settlement,0.80479597,0.80479597,4271.155763,804547.163
72,1075,Leigh,Leigh,21,Rural settlement,1.11558555,1.11558555,5854.983583,1115319.848
73,1076,Tī Point,Ti Point,21,Rural settlement,2.28786488,2.28786488,8693.27229,2287709.665
74,1077,Rainbows End,Rainbows End,21,Rural settlement,0.21628199,0.21628199,2527.828991,216123.9388
75,1078,Ōmaha,Omaha,21,Rural settlement,4.85484003,4.85484003,15327.36423,4854914.12
76,1079,Sandspit,Sandspit,21,Rural settlement,3.45977771,3.45977771,11099.78435,3459894.92
77,1080,Baddeleys Beach-Campbells Beach,Baddeleys Beach-Campbells Beach,21,Rural settlement,0.36053628,0.36053628,4077.219826,360581.2127
78,1081,Parakai,Parakai,14,Small urban area,1.45487644,1.45487644,7121.779869,1454795.57
79,1082,Snells Beach,Snells Beach,14,Small urban area,3.82784102,3.82784102,13976.63242,3827983.47
80,1083,Kaukapakapa,Kaukapakapa,21,Rural settlement,5.25956591,5.25956591,14114.86833,5259052.009
81,1084,Puhoi,Puhoi,21,Rural settlement,3.59377602,3.59377602,11659.52956,3593593.106
82,1085,Helensville,Helensville,14,Small urban area,3.36569679,3.36569679,16088.927,3366021.368
83,1086,Scotts Landing-Mahurangi East,Scotts Landing-Mahurangi East,21,Rural settlement,2.5643291,2.5643291,14710.81854,2564210.233
84,1087,Algies Bay,Algies Bay,21,Rural settlement,12.78143071,12.78143071,35057.28945,12781114.09
85,1088,Mahurangi West,Mahurangi West,21,Rural settlement,0.26600793,0.26600793,2366.501003,266006.8612
86,1089,Waiwera,Waiwera,21,Rural settlement,0.55359173,0.55359173,3845.075552,553619.6542
87,1090,Kawau Island,Kawau Island,21,Rural settlement,21.5910984,21.5910984,64447.48454,21591148.22
88,1091,Waimauku,Waimauku,14,Small urban area,5.63250721,5.63250721,16826.09265,5632204.815
89,1092,Muriwai,Muriwai,14,Small urban area,3.01508521,3.01508521,11909.54602,3015047.675
90,1093,Hibiscus Coast,Hibiscus Coast,12,Large urban area,42.89921149,42.89921149,89840.79838,42899199.6
91,1094,Kumeū-Huapai,Kumeu-Huapai,14,Small urban area,6.32217318,6.32217318,16724.88312,6322406.806
92,1095,Stillwater,Stillwater,21,Rural settlement,0.44307735,0.44307735,3877.700661,443121.6938
93,1097,Riverhead,Riverhead,14,Small urban area,4.04958284,4.04958284,12661.54045,4049624.682
94,1098,Other rural Auckland,Other rural Auckland,22,Rural other,3997.73449,3997.73449,2300619.754,3997733007
95,1099,Bethells Beach,Bethells Beach,21,Rural settlement,5.3666384,5.3666384,13377.28827,5366544.029
96,1100,Ōkura,Okura,21,Rural settlement,0.36177167,0.36177167,3570.152773,361745.8434
97,1101,Pāremoremo,Paremoremo,21,Rural settlement,1.27552567,1.27552567,5961.408346,1275451.001
98,1102,Piha,Piha,21,Rural settlement,5.23828424,5.23828424,18497.08096,5238008.665
99,1103,Karekare,Karekare,21,Rural settlement,6.02737205,6.02737205,14919.5188,6027414.864
100,1104,Inland water Auckland,Inland water Auckland,31,Inland water,0,1.06627213,4565.972212,1066189.576
101,1105,Huia,Huia,21,Rural settlement,3.49316504,3.49316504,15678.65924,3493219.08
102,1106,Parau,Parau,21,Rural settlement,1.47847141,1.47847141,8051.735227,1478648.636
103,1107,Medlands Beach,Medlands Beach,21,Rural settlement,6.03796638,6.03796638,16999.72426,6038279.746
104,1108,Auckland,Auckland,11,Major urban area,607.2775574,607.2775574,751873.9296,607270715
105,1109,Tryphena,Tryphena,21,Rural settlement,3.74529754,3.74529754,13527.37189,3745310.967
106,1110,Grahams Beach,Grahams Beach,21,Rural settlement,8.67672521,8.67672521,22841.5892,8676736.451
107,1111,Waiheke West,Waiheke West,14,Small urban area,24.5819334,24.5819334,66044.19925,24582188.22
108,1112,Matakawau Point,Matakawau Point,21,Rural settlement,0.66375625,0.66375625,4763.102476,663849.6753
109,1113,Ōmiha,Omiha,21,Rural settlement,0.63096185,0.63096185,4728.607193,630962.3763
110,1114,Clarks Beach,Clarks Beach,14,Small urban area,2.67353718,2.67353718,9506.674488,2673754.78
111,1115,Beachlands-Pine Harbour,Beachlands-Pine Harbour,14,Small urban area,8.8234976,8.8234976,20688.93464,8823567.263
112,1116,Maraetai,Maraetai,14,Small urban area,6.87636613,6.87636613,15451.15053,6876352.845
113,1117,Glenbrook Beach,Glenbrook Beach,21,Rural settlement,0.43453872,0.43453872,4134.988321,434502.7586
114,1118,Waiau Pā,Waiau Pa,21,Rural settlement,2.79313047,2.79313047,7940.090614,2793227.592
115,1119,Kingseat,Kingseat,21,Rural settlement,9.2817932,9.2817932,16718.85317,9281455.71
116,1120,Clevedon,Clevedon,21,Rural settlement,10.02564816,10.02564816,19303.38161,10025355.41
117,1121,Waiuku,Waiuku,14,Small urban area,7.70905052,7.70905052,21971.74828,7708971.241
118,1122,Patumāhoe,Patumahoe,14,Small urban area,1.81785232,1.81785232,7773.827531,1817876.768
119,1123,Paerata,Paerata,21,Rural settlement,9.16625856,9.16625856,14928.96705,9166694.078
120,1124,Kawakawa Bay,Kawakawa Bay,21,Rural settlement,11.37413126,11.37413126,18822.91735,11374629.32
121,1125,Pukekohe,Pukekohe,13,Medium urban area,32.06530245,32.06530245,35585.24442,32065823.7
122,1126,Ōrere Point,Orere Point,21,Rural settlement,0.80096162,0.80096162,6232.807922,800953.8038
123,1127,Bombay,Bombay,21,Rural settlement,5.88101574,5.88101574,12585.32764,5881555.427
124,1128,Coromandel,Coromandel,14,Small urban area,10.88722228,10.88722228,33805.0495,10887954
125,1129,Whangapoua,Whangapoua,21,Rural settlement,0.74381712,0.74381712,6169.412958,743584.4852
126,1130,Matarangi,Matarangi,21,Rural settlement,3.92148726,3.92148726,10387.50361,3921488.578
127,1131,Rings Beach,Rings Beach,21,Rural settlement,1.41377463,1.41377463,7393.241122,1413864.257
128,1133,Kuaotunu,Kuaotunu,21,Rural settlement,3.6174806,3.6174806,17186.37972,3617287.495
129,1134,Whitianga,Whitianga,14,Small urban area,17.34026284,17.34026284,30924.16577,17340207.81
130,1135,Tapu,Tapu,21,Rural settlement,4.20490016,4.20490016,15553.50628,4204779.579
131,1136,Cooks Beach-Ferry Landing,Cooks Beach-Ferry Landing,21,Rural settlement,2.69462756,2.69462756,15206.92755,2694644.948
132,1137,Waiomū,Waiomu,21,Rural settlement,3.83080517,3.83080517,12292.47179,3830598.268
133,1138,Other rural Thames-Coromandel District,Other rural Thames-Coromandel District,22,Rural other,2114.979283,2114.979283,832992.4064,2114975970
134,1139,Te Puru,Te Puru,21,Rural settlement,1.96405705,1.96405705,7866.718045,1964181.167
135,1140,Thornton Bay-Ngārimu Bay,Thornton Bay-Ngarimu Bay,21,Rural settlement,0.94901819,0.94901819,7184.116666,949041.8517
136,1141,Hāhei,Hahei,21,Rural settlement,1.67134096,1.67134096,8778.035455,1671644.434
137,1142,Thames,Thames,14,Small urban area,15.5520514,15.5520514,30938.94165,15552611.77
138,1143,Tairua,Tairua,14,Small urban area,4.17248365,4.17248365,20383.34456,4172094.201
139,1144,Pāuanui,Pauanui,14,Small urban area,9.90436065,9.90436065,27248.80063,9904591.163
140,1145,Pūriri,Puriri,21,Rural settlement,0.99743234,0.99743234,5692.609849,997626.7276
141,1146,Onemana,Onemana,21,Rural settlement,0.6511819,0.6511819,4594.076012,650995.4698
142,1147,Whangamatā,Whangamata,14,Small urban area,8.46275914,8.46275914,28806.79716,8462277.979
143,1148,Kaiaua,Kaiaua,21,Rural settlement,4.6696461,4.6696461,11739.91608,4669388.067
144,1149,Ngatea,Ngatea,14,Small urban area,3.35336086,3.35336086,11444.86941,3352758.578
145,1150,Turua,Turua,21,Rural settlement,0.95543865,0.95543865,4516.538269,955474.0196
146,1151,Kerepēhi,Kerepehi,21,Rural settlement,2.18272775,2.18272775,6650.276327,2182541.867
147,1152,Other rural Hauraki District,Other rural Hauraki District,22,Rural other,1233.62862,1233.62862,394147.9891,1233626421
148,1153,Paeroa,Paeroa,14,Small urban area,6.86958907,6.86958907,13511.47949,6869925.685
149,1154,Karangahake,Karangahake,21,Rural settlement,6.39788436,6.39788436,13157.45855,6398014.22
150,1155,Whiritoa,Whiritoa,21,Rural settlement,0.9077829,0.9077829,5562.090358,907766.0226
151,1156,Waikino,Waikino,21,Rural settlement,1.74701238,1.74701238,8990.251062,1747027.321
152,1157,Waihī,Waihi,14,Small urban area,9.40429008,9.40429008,23359.98109,9404372.812
153,1158,Port Waikato,Port Waikato,21,Rural settlement,3.78488278,3.78488278,15292.8858,3784796.69
154,1159,Tuakau,Tuakau,14,Small urban area,5.35471817,5.35471817,17338.98616,5354913.219
155,1160,Pōkeno,Pokeno,14,Small urban area,10.10315364,10.10315364,15899.77053,10103170.8
156,1161,Meremere,Meremere,21,Rural settlement,1.58973643,1.58973643,5551.940461,1589662.176
157,1162,Te Kauwhata,Te Kauwhata,14,Small urban area,8.10853266,8.10853266,16583.37476,8108593.325
158,1163,Inland water Waikato District,Inland water Waikato District,31,Inland water,0,47.31359788,81384.01669,47313283.52
159,1164,Other rural Waikato District,Other rural Waikato District,22,Rural other,4334.240282,4334.240282,873557.395,4334237533
160,1166,Huntly,Huntly,14,Small urban area,17.10982114,17.10982114,27192.78962,17109588.45
161,1167,Raglan,Raglan,14,Small urban area,4.90205511,4.90205511,25411.27408,4902080.019
162,1168,Taupiri,Taupiri,21,Rural settlement,1.73045226,1.73045226,8341.561432,1730952.522
163,1169,Ngāruawāhia,Ngaruawahia,14,Small urban area,11.9811087,11.9811087,23118.46164,11981080.78
164,1170,Horotiu,Horotiu,21,Rural settlement,3.23028501,3.23028501,11466.86848,3230273.71
165,1171,Te Kōwhai,Te Kowhai,21,Rural settlement,0.74540999,0.74540999,4781.194838,745217.8195
166,1172,Whatawhata,Whatawhata,21,Rural settlement,0.92533747,0.92533747,4903.561275,925793.2359
167,1173,Morrinsville,Morrinsville,14,Small urban area,7.7804842,7.7804842,14023.65614,7780371.04
168,1174,Te Aroha,Te Aroha,14,Small urban area,10.96718288,10.96718288,25629.27013,10967062.79
169,1175,Waitoa,Waitoa,21,Rural settlement,3.99173446,3.99173446,10190.04228,3991745.514
170,1176,Waihou,Waihou,21,Rural settlement,1.28861485,1.28861485,6909.221282,1288234.889
171,1177,Other rural Matamata-Piako District,Other rural Matamata-Piako District,22,Rural other,1723.941869,1723.941869,320593.4146,1723942435
172,1178,Waharoa,Waharoa,21,Rural settlement,1.2271127,1.2271127,5831.070132,1227643.632
173,1179,Matamata,Matamata,14,Small urban area,6.15082481,6.15082481,13315.98693,6150909.553
174,1180,Hamilton,Hamilton,11,Major urban area,110.3731335,110.3731335,74549.25311,110371815.3
175,1181,Inland water Hamilton City,Inland water Hamilton City,31,Inland water,0,0.56359905,4089.858073,563519.025
176,1182,Ngāhinapōuri Settlement,Ngahinapouri Settlement,21,Rural settlement,0.36920902,0.36920902,3888.302903,369105.7362
177,1183,Rukuhia,Rukuhia,21,Rural settlement,0.45452609,0.45452609,3456.282684,454475.3725
178,1184,Pirongia,Pirongia,14,Small urban area,3.26991139,3.26991139,9420.519605,3269699.598
179,1185,Ōhaupō,Ohaupo,21,Rural settlement,1.5416938,1.5416938,6254.963986,1541764.465
180,1186,Cambridge,Cambridge,13,Medium urban area,26.685298,26.685298,30073.47414,26685071.89
181,1187,Te Awamutu,Te Awamutu,13,Medium urban area,12.47845678,12.47845678,19217.07732,12478875.04
182,1188,Other rural Waipā District,Other rural Waipa District,22,Rural other,1414.213157,1414.213157,336860.7893,1414213834
183,1189,Kihikihi,Kihikihi,14,Small urban area,10.09255311,10.09255311,19478.52993,10093106.42
184,1190,Karapiro Village,Karapiro Village,21,Rural settlement,0.96476641,0.96476641,5759.703232,964931.0949
185,1191,Kāwhia,Kawhia,21,Rural settlement,0.93387676,0.93387676,5869.791967,934081.2849
186,1193,Ōtorohanga,Otorohanga,14,Small urban area,5.07418256,5.07418256,13245.35639,5074271.754
187,1194,Other rural Ōtorohanga District,Other rural Otorohanga District,22,Rural other,1993.176125,1993.176125,470975.5027,1993174871
188,1195,Tīrau,Tirau,21,Rural settlement,1.68674678,1.68674678,7732.938213,1686940.909
189,1196,Arapuni,Arapuni,21,Rural settlement,1.83250616,1.83250616,7471.329021,1832245.647
190,1197,Putāruru,Putaruru,14,Small urban area,6.81397935,6.81397935,21651.44534,6813587.42
191,1198,Other rural South Waikato District,Other rural South Waikato District,22,Rural other,1792.89706,1792.89706,299129.793,1792897692
192,1199,Tokoroa,Tokoroa,13,Medium urban area,15.64566743,15.64566743,21765.73863,15645664.96
193,1200,Taharoa,Taharoa,21,Rural settlement,2.55911479,2.55911479,8034.80846,2559253.53
194,1202,Mōkau,Mokau,21,Rural settlement,19.82502919,19.82502919,24610.35586,19823632.38
195,1203,Other rural Waitomo District,Other rural Waitomo District,22,Rural other,3501.457243,3501.457243,465137.8363,3501460871
196,1204,Te Kūiti,Te Kuiti,14,Small urban area,8.4116956,8.4116956,21267.24257,8411645.698
197,1205,Piopio,Piopio,21,Rural settlement,2.0096649,2.0096649,9629.268866,2009737.973
198,1206,Benneydale,Benneydale,21,Rural settlement,0.57613744,0.57613744,5426.126158,576100.7892
199,1207,Mangakino,Mangakino,21,Rural settlement,3.20969531,3.20969531,8845.994968,3209655.279
200,1208,Whakamaru,Whakamaru,21,Rural settlement,1.59858366,1.59858366,6986.312791,1598677.049
201,1209,Ātiamuri,Atiamuri,21,Rural settlement,1.33587293,1.33587293,5066.407521,1335726.126
202,1210,Kinloch,Kinloch,21,Rural settlement,2.44957152,2.44957152,8734.30636,2449628.078
203,1211,Kuratau,Kuratau,21,Rural settlement,4.50321852,4.50321852,11753.6027,4503237.935
204,1212,Wairākei Village,Wairakei Village,21,Rural settlement,0.3598516,0.3598516,2624.975952,359791.8504
205,1213,Ōmori,Omori,21,Rural settlement,6.09044166,6.09044166,15442.13742,6090772.48
206,1214,Inland water Taupō District,Inland water Taupo District,31,Inland water,0,630.8019076,192142.1245,630801594.4
207,1215,Taupō,Taupo,13,Medium urban area,42.9477134,42.9477134,59645.74691,42948257.86
208,1216,Motuoapa,Motuoapa,21,Rural settlement,3.33545488,3.33545488,16624.00647,3335640.157
209,1217,Tūrangi,Turangi,14,Small urban area,7.53227712,7.53227712,16630.5732,7531615.077
210,1218,Oruatua-Te Rangiita-Waitetoko,Oruatua-Te Rangiita-Waitetoko,21,Rural settlement,2.7486832,2.7486832,14768.27346,2749209.359
211,1219,Five Mile Bay-Waitahanui,Five Mile Bay-Waitahanui,21,Rural settlement,14.66520149,14.66520149,23453.28709,14665421.44
212,1220,Other rural Taupō District,Other rural Taupo District,22,Rural other,6242.277872,6242.277872,753975.1775,6242272553
213,1222,Athenree,Athenree,21,Rural settlement,1.26347201,1.26347201,7397.797288,1263107.484
214,1223,Tanners Point,Tanners Point,21,Rural settlement,0.44775157,0.44775157,3459.015223,447729.9543
215,1225,Ōngare Point-Kauri Point,Ongare Point-Kauri Point,21,Rural settlement,0.82340227,0.82340227,5237.860001,823387.973
216,1226,Katikati,Katikati,14,Small urban area,9.53763923,9.53763923,20312.72273,9538017.357
217,1227,Fairview,Fairview,21,Rural settlement,0.82392611,0.82392611,5227.601196,823840.3405
219,1229,Ōmokoroa,Omokoroa,14,Small urban area,3.82609332,3.82609332,13889.80977,3825950.6
220,1231,Plummers Point,Plummers Point,21,Rural settlement,0.60004494,0.60004494,4926.681379,600056.1981
221,1232,Te Puna West,Te Puna West,21,Rural settlement,1.17046671,1.17046671,7068.119223,1170283.068
222,1233,Other rural Western Bay of Plenty District,Other rural Western Bay of Plenty District,22,Rural other,1897.978623,1897.978623,569446.3478,1897983014
223,1234,Te Puke,Te Puke,14,Small urban area,13.38972795,13.38972795,21894.88924,13389698.86
224,1235,Maketū,Maketu,21,Rural settlement,5.15455124,5.15455124,13610.22375,5155001.652
225,1236,Paengaroa,Paengaroa,21,Rural settlement,1.51899276,1.51899276,6619.909615,1518830.945
226,1237,Pukehina Beach,Pukehina Beach,21,Rural settlement,1.56626867,1.56626867,15008.80988,1566206.524
227,1239,Tauranga,Tauranga,11,Major urban area,141.9143202,141.9143202,178593.9193,141913385
228,1240,Mamaku,Mamaku,21,Rural settlement,2.67175114,2.67175114,8324.213721,2671750.945
229,1241,Hamurana,Hamurana,21,Rural settlement,8.35367489,8.35367489,17868.41251,8353719.384
230,1242,Ngongotahā,Ngongotaha,14,Small urban area,12.90642058,12.90642058,25110.18587,12906238.37
231,1243,Ōkere Falls,Okere Falls,21,Rural settlement,1.68060417,1.68060417,11592.58095,1680510.16
232,1244,Mourea,Mourea,21,Rural settlement,6.53291851,6.53291851,17245.76339,6533184.389
233,1245,Tikitere,Tikitere,21,Rural settlement,4.24030033,4.24030033,9268.737553,4239890.032
234,1246,Rotorua,Rotorua,12,Large urban area,48.03425668,48.03425668,59255.29721,48033910.09
235,1247,Inland water Rotorua District,Inland water Rotorua District,31,Inland water,0,209.8329079,328087.0419,209832060.6
236,1248,Rotoiti,Rotoiti,21,Rural settlement,5.85950399,5.85950399,31402.0903,5859899.919
237,1249,Lake Okāreka,Lake Okareka,21,Rural settlement,1.46177069,1.46177069,9317.703356,1461692.342
238,1250,Other rural Rotorua District,Other rural Rotorua District,22,Rural other,2301.050776,2301.050776,648407.9301,2301053408
239,1251,Lake Tarawera,Lake Tarawera,21,Rural settlement,4.49890593,4.49890593,20627.32923,4498906.819
240,1252,Rotomā,Rotoma,21,Rural settlement,0.72144162,0.72144162,11139.73981,721428.3448
241,1253,Kaingaroa,Kaingaroa,21,Rural settlement,11.28546821,11.28546821,16469.18372,11285329.07
242,1254,Matatā,Matata,21,Rural settlement,0.77549424,0.77549424,5538.621348,775098.642
243,1255,Edgecumbe,Edgecumbe,14,Small urban area,2.0077366,2.0077366,9490.889156,2007177.035
244,1256,Te Teko,Te Teko,21,Rural settlement,0.37694848,0.37694848,3461.239135,376985.5597
245,1257,Whakatāne,Whakatane,13,Medium urban area,24.78761569,24.78761569,27478.88719,24787238.77
246,1258,Ōhope,Ohope,14,Small urban area,6.33352731,6.33352731,29239.05541,6334078.925
247,1259,Tāneatua,Taneatua,21,Rural settlement,0.68661794,0.68661794,3927.753858,686545.694
248,1261,Other rural Whakatāne District,Other rural Whakatane District,22,Rural other,4408.861173,4408.861173,471346.2763,4408857933
249,1262,Murupara,Murupara,14,Small urban area,6.25994106,6.25994106,12364.43463,6260266.248
250,1263,Kawerau,Kawerau,14,Small urban area,23.56207482,23.56207482,25998.28319,23562089.95
251,1265,Ōhiwa,Ohiwa,21,Rural settlement,3.95881252,3.95881252,10903.20491,3958854.458
252,1266,Ōpōtiki,Opotiki,14,Small urban area,10.20213382,10.20213382,24228.72535,10202614.38
253,1267,Te Kaha,Te Kaha,21,Rural settlement,16.1717009,16.1717009,23437.23305,16171791.72
254,1268,Other rural Ōpōtiki District,Other rural Opotiki District,22,Rural other,3059.450832,3059.450832,506173.5887,3059451927
255,1269,Hicks Bay,Hicks Bay,21,Rural settlement,1.28469544,1.28469544,7063.684555,1284695.315
256,1270,Te Araroa,Te Araroa,21,Rural settlement,1.69063761,1.69063761,6909.297962,1690943.983
257,1271,Ruatōria,Ruatoria,21,Rural settlement,13.18740048,13.18740048,18015.36871,13187617.39
258,1272,Other rural Gisborne District,Other rural Gisborne District,22,Rural other,8301.203054,8301.203054,777244.5661,8301203224
259,1273,Te Karaka,Te Karaka,21,Rural settlement,2.92054679,2.92054679,8212.03969,2920814.555
260,1274,Tokomaru Bay,Tokomaru Bay,21,Rural settlement,8.37861558,8.37861558,21800.5716,8378529.184
261,1275,Pātūtahi,Patutahi,21,Rural settlement,3.11568031,3.11568031,7534.319628,3115684.282
262,1276,Manutūkē,Manutuke,21,Rural settlement,9.80648432,9.80648432,17188.92626,9805963.036
263,1277,Tolaga Bay,Tolaga Bay,21,Rural settlement,7.53705748,7.53705748,14001.98612,7536542.955
264,1278,Gisborne,Gisborne,12,Large urban area,36.16857952,36.16857952,51192.93372,36168746.13
265,1279,Inland water Wairoa District,Inland water Wairoa District,31,Inland water,0,51.79730139,102020.0306,51797051.05
266,1280,Tūai,Tuai,21,Rural settlement,21.98583267,21.98583267,26732.54832,21985000.47
267,1281,Other rural Wairoa District,Other rural Wairoa District,22,Rural other,4042.022069,4042.022069,617195.2578,4042019483
268,1282,Frasertown,Frasertown,21,Rural settlement,1.36496539,1.36496539,5819.333414,1364862.345
269,1283,Wairoa,Wairoa,14,Small urban area,7.56771463,7.56771463,12642.49297,7568023.099
270,1284,Nūhaka,Nuhaka,21,Rural settlement,1.46327742,1.46327742,6179.095644,1463080.756
271,1285,Mahia Beach,Mahia Beach,21,Rural settlement,4.04590447,4.04590447,10657.83047,4045774.581
272,1286,Other rural Hastings District,Other rural Hastings District,22,Rural other,5150.487038,5150.487038,640256.8098,5150486088
273,1287,Whirinaki,Whirinaki,21,Rural settlement,1.22605025,1.22605025,9351.47408,1226076.106
274,1288,Hastings,Hastings,12,Large urban area,24.42660334,24.42660334,39321.03224,24425917.84
275,1289,Clive,Clive,14,Small urban area,14.8251596,14.8251596,18353.58973,14825830.7
276,1290,Whakatū,Whakatu,21,Rural settlement,3.75437778,3.75437778,10920.25407,3754017.899
277,1291,Haumoana,Haumoana,21,Rural settlement,4.91608822,4.91608822,11811.56262,4916285.939
278,1292,Havelock North,Havelock North,13,Medium urban area,22.53025573,22.53025573,28663.68539,22530216.55
279,1293,Te Awanga,Te Awanga,21,Rural settlement,2.90813158,2.90813158,11393.43125,2908503.181
280,1294,Waimārama,Waimarama,21,Rural settlement,1.63438188,1.63438188,6105.036893,1634377.208
281,1296,Napier,Napier,12,Large urban area,105.0510255,105.0510255,81783.64217,105051561.2
282,1297,Tikokino,Tikokino,21,Rural settlement,0.77703588,0.77703588,3910.433777,777290.8361
283,1298,Ongaonga,Ongaonga,21,Rural settlement,10.53483887,10.53483887,14230.01876,10534931.7
284,1299,Takapau,Takapau,21,Rural settlement,3.1802402,3.1802402,10329.72365,3180274.731
285,1300,Ōtāne,Otane,21,Rural settlement,0.93813886,0.93813886,4171.993633,938274.1251
286,1301,Waipāwa,Waipawa,14,Small urban area,6.80175162,6.80175162,14672.01487,6802281.827
287,1302,Waipukurau,Waipukurau,14,Small urban area,8.03675264,8.03675264,16051.93851,8036663.75
288,1303,Other rural Central Hawke's Bay District,Other rural Central Hawke's Bay District,22,Rural other,3302.301766,3302.301766,412397.1033,3302298606
289,1304,Pōrangahau,Porangahau,21,Rural settlement,0.42911825,0.42911825,3240.547311,429074.7671
290,1305,Ōakura (New Plymouth District),Oakura (New Plymouth District),14,Small urban area,1.68369958,1.68369958,8349.570115,1683791.448
291,1306,Ōkato,Okato,21,Rural settlement,1.02442273,1.02442273,6423.654012,1024156.22
292,1307,New Plymouth,New Plymouth,12,Large urban area,75.50164333,75.50164333,73976.57252,75501876.72
293,1308,Waitara,Waitara,14,Small urban area,5.66179722,5.66179722,13611.66414,5662110.314
294,1309,Lepperton,Lepperton,21,Rural settlement,7.62566234,7.62566234,15520.28309,7626328.92
295,1310,Egmont Village,Egmont Village,21,Rural settlement,1.44481148,1.44481148,6737.966357,1445176.327
296,1311,Ōnaero Beach,Onaero Beach,21,Rural settlement,0.1534811,0.1534811,2554.267647,153462.6293
297,1312,Urenui,Urenui,21,Rural settlement,3.64905533,3.64905533,10416.03751,3649361.269
298,1313,Inglewood,Inglewood,14,Small urban area,3.03162871,3.03162871,9472.550543,3031737.833
299,1314,Other rural New Plymouth District,Other rural New Plymouth District,22,Rural other,2105.822371,2105.822371,445501.7716,2105819444
300,1315,Midhirst,Midhirst,21,Rural settlement,1.82458511,1.82458511,6031.081418,1824808.989
301,1316,Stratford,Stratford,14,Small urban area,8.5377995,8.5377995,13108.16949,8537667.746
302,1317,Other rural Stratford District,Other rural Stratford District,22,Rural other,2153.063068,2153.063068,429470.6835,2153061512
303,1318,Ōpunake,Opunake,14,Small urban area,3.77983249,3.77983249,12814.13864,3779963.616
304,1319,Kaponga,Kaponga,21,Rural settlement,1.55572821,1.55572821,6089.41807,1555669.759
305,1320,Manaia,Manaia,21,Rural settlement,2.54568858,2.54568858,7346.891662,2545809.764
306,1321,Eltham,Eltham,14,Small urban area,3.41945619,3.41945619,11581.29027,3419551.097
307,1322,Ōhāwe,Ohawe,21,Rural settlement,0.90262812,0.90262812,4921.57181,902456.9412
308,1323,Normanby,Normanby,21,Rural settlement,1.06466308,1.06466308,4581.216435,1064906.677
309,1324,Hāwera,Hawera,14,Small urban area,25.18311687,25.18311687,30167.03446,25182972.45
310,1325,Other rural South Taranaki District,Other rural South Taranaki District,22,Rural other,3527.68346,3527.68346,445907.7476,3527682889
311,1326,Pātea,Patea,14,Small urban area,6.17044188,6.17044188,12953.53901,6170320.919
312,1327,Waverley,Waverley,21,Rural settlement,2.28245171,2.28245171,6607.070701,2282377.272
313,1328,Waitōtara,Waitotara,21,Rural settlement,0.24814682,0.24814682,2517.999595,248185.3787
314,1329,Waiinu Beach,Waiinu Beach,21,Rural settlement,0.24857597,0.24857597,2223.440114,248531.8199
315,1330,Ōhura,Ohura,21,Rural settlement,2.78891289,2.78891289,11677.5534,2789071.777
316,1331,Taumarunui,Taumarunui,14,Small urban area,13.65459124,13.65459124,35143.00084,13654550.69
317,1332,Ōwhango,Owhango,21,Rural settlement,0.60664856,0.60664856,3828.878572,606631.7429
318,1333,Other rural Ruapehu District,Other rural Ruapehu District,22,Rural other,6699.517845,6699.517845,750882.0352,6699520385
319,1334,Raurimu,Raurimu,21,Rural settlement,0.87928673,0.87928673,7565.83171,879377.3687
320,1335,National Park,National Park,21,Rural settlement,0.88706061,0.88706061,4506.138412,886757.4235
321,1336,Raetihi,Raetihi,14,Small urban area,3.85952556,3.85952556,11630.05982,3859765.386
322,1337,Ōhakune,Ohakune,14,Small urban area,6.43865835,6.43865835,14881.70255,6438793.02
323,1338,Rangataua,Rangataua,21,Rural settlement,0.77177655,0.77177655,3676.682091,772160.5395
324,1339,Waiōuru,Waiouru,21,Rural settlement,5.01060584,5.01060584,11981.89059,5010784.535
325,1340,Kai Iwi,Kai Iwi,21,Rural settlement,0.87607252,0.87607252,4918.428759,876385.9654
326,1341,Other rural Whanganui District,Other rural Whanganui District,22,Rural other,2332.048073,2332.048073,473638.3573,2332052441
327,1342,Whanganui,Whanganui,12,Large urban area,40.3491668,40.3491668,52247.44043,40348435.27
328,1343,Rātana,Ratana,21,Rural settlement,0.20981676,0.20981676,2137.824573,209955.3598
329,1344,Koitiata,Koitiata,21,Rural settlement,0.21173225,0.21173225,1983.037969,211628.8562
330,1345,Other rural Rangitīkei District,Other rural Rangitikei District,22,Rural other,4454.447053,4454.447053,703315.4739,4454447278
331,1346,Taihape,Taihape,14,Small urban area,4.93440265,4.93440265,16309.02343,4934256.517
332,1347,Marton,Marton,14,Small urban area,13.5927051,13.5927051,27976.77061,13591361.9
333,1348,Hunterville,Hunterville,21,Rural settlement,3.21856098,3.21856098,7904.948478,3218650.04
334,1349,Mangaweka,Mangaweka,21,Rural settlement,0.46921589,0.46921589,3016.413193,469228.7798
335,1350,Bulls,Bulls,14,Small urban area,6.82877144,6.82877144,14428.38302,6829272.489
336,1351,Tangimoana,Tangimoana,21,Rural settlement,0.52684721,0.52684721,4034.955565,526994.3858
337,1352,Ōhakea,Ohakea,21,Rural settlement,6.05875047,6.05875047,11423.13345,6058683.522
338,1353,Halcombe,Halcombe,21,Rural settlement,4.13757627,4.13757627,11448.27709,4137011.13
339,1354,Sanson,Sanson,21,Rural settlement,0.60444813,0.60444813,3433.941478,604463.7776
340,1355,Himatangi Beach,Himatangi Beach,21,Rural settlement,0.9540472,0.9540472,4731.794116,954182.7237
341,1356,Rongotea,Rongotea,21,Rural settlement,0.58159806,0.58159806,3603.37671,581336.0311
342,1357,Feilding,Feilding,13,Medium urban area,23.59162677,23.59162677,26737.16596,23591578.06
343,1358,Other rural Manawatū District,Other rural Manawatu District,22,Rural other,2520.579862,2520.579862,429127.5514,2520579562
344,1359,Kimbolton,Kimbolton,21,Rural settlement,1.31949956,1.31949956,5970.413142,1319247.006
345,1360,Pohangina,Pohangina,21,Rural settlement,5.80919898,5.80919898,14506.99136,5809455.15
346,1361,Hiwinui,Hiwinui,21,Rural settlement,2.42301158,2.42301158,9779.197719,2422808.379
347,1362,Bunnythorpe,Bunnythorpe,21,Rural settlement,4.2617074,4.2617074,11738.58973,4261873.314
348,1363,Longburn,Longburn,21,Rural settlement,0.93584528,0.93584528,6253.286132,935912.1572
349,1364,Palmerston North,Palmerston North,12,Large urban area,76.98432203,76.98432203,53861.31475,76983684.56
350,1365,Ashhurst,Ashhurst,14,Small urban area,4.20715177,4.20715177,11930.59724,4207162.55
351,1366,Other rural Palmerston North City,Other rural Palmerston North City,22,Rural other,308.3540494,308.3540494,170227.5999,308352050.2
352,1367,Woodville,Woodville,14,Small urban area,4.03940482,4.03940482,8636.255708,4039838.47
353,1368,Norsewood,Norsewood,21,Rural settlement,0.37592534,0.37592534,3924.975177,376046.0254
354,1369,Dannevirke,Dannevirke,14,Small urban area,6.81578307,6.81578307,20948.03937,6815825.717
355,1370,Pahiatua,Pahiatua,14,Small urban area,3.87707064,3.87707064,10582.70284,3876942.324
356,1371,Ormondville,Ormondville,21,Rural settlement,0.2877564,0.2877564,2831.760566,287827.3268
357,1372,Eketāhuna,Eketahuna,21,Rural settlement,4.18279754,4.18279754,15073.28975,4182612.345
358,1373,Other rural Tararua District,Other rural Tararua District,22,Rural other,4343.977393,4343.977393,488127.5162,4343942088
359,1374,Pongaroa,Pongaroa,21,Rural settlement,1.0945626,1.0945626,4480.676214,1094773.339
360,1375,Foxton Beach,Foxton Beach,14,Small urban area,2.64176065,2.64176065,9637.357382,2641710.417
361,1376,Waitārere Beach,Waitarere Beach,21,Rural settlement,1.62651041,1.62651041,8430.861389,1626528.059
362,1377,Foxton,Foxton,14,Small urban area,11.5578503,11.5578503,24310.83889,11557635.21
363,1378,Hōkio Beach,Hokio Beach,21,Rural settlement,0.92316239,0.92316239,4653.526946,923023.5434
364,1379,Waikawa Beach,Waikawa Beach,21,Rural settlement,1.5032856,1.5032856,7390.639923,1503349.814
365,1380,Ōhau,Ohau,21,Rural settlement,6.10117391,6.10117391,16443.83356,6101456.078
366,1381,Levin,Levin,13,Medium urban area,22.43420275,22.43420275,26040.32623,22434775.17
367,1382,Other rural Horowhenua District,Other rural Horowhenua District,22,Rural other,1002.028086,1002.028086,283231.8337,1002028151
368,1383,Shannon,Shannon,14,Small urban area,2.94401163,2.94401163,8266.529332,2944234.474
369,1384,Tokomaru,Tokomaru,21,Rural settlement,2.53719032,2.53719032,7098.026444,2537149.703
370,1385,Manakau,Manakau,21,Rural settlement,5.66441339,5.66441339,12743.07326,5664641.682
371,1386,Mangaore,Mangaore,21,Rural settlement,3.94450198,3.94450198,10765.7737,3944352.766
372,1387,Ōtaki Beach,Otaki Beach,14,Small urban area,3.36054515,3.36054515,11427.79272,3361024.706
373,1388,Te Horo Beach,Te Horo Beach,21,Rural settlement,0.33121621,0.33121621,2656.683999,331248.8335
374,1389,Ōtaki,Otaki,14,Small urban area,9.19690721,9.19690721,19538.64623,9196958.354
375,1390,Waikanae,Waikanae,13,Medium urban area,29.61388797,29.61388797,26998.04708,29611957.24
376,1391,Paraparaumu,Paraparaumu,13,Medium urban area,28.60628874,28.60628874,33593.64373,28607050.17
377,1392,Paekākāriki,Paekakariki,14,Small urban area,5.91415914,5.91415914,16467.13601,5913825.934
378,1393,Other rural Kapiti Coast District,Other rural Kapiti Coast District,22,Rural other,654.4970739,654.4970739,209966.8214,654497907.8
379,1394,Porirua,Porirua,12,Large urban area,60.97781417,60.97781417,82767.36135,60978679.14
380,1396,Other rural Porirua City,Other rural Porirua City,22,Rural other,113.824048,113.824048,75595.00763,113825324.6
381,1397,Other rural Upper Hutt City,Other rural Upper Hutt City,22,Rural other,488.7158755,488.7158755,176160.4113,488714240.5
382,1398,Upper Hutt,Upper Hutt,12,Large urban area,51.16022748,51.16022748,59502.19397,51161291.18
383,1399,Lower Hutt,Lower Hutt,11,Major urban area,78.53208685,78.53208685,109640.2618,78531483.98
384,1400,Other rural Lower Hutt City,Other rural Lower Hutt City,22,Rural other,297.871485,297.871485,171008.4328,297872042.9
385,1401,Other rural Wellington City,Other rural Wellington City,22,Rural other,177.5531723,177.5531723,96636.84477,177553263.2
386,1402,Wellington,Wellington,11,Major urban area,112.3568732,112.3568732,121306.8065,112355837.5
387,1403,Masterton,Masterton,13,Medium urban area,21.53761812,21.53761812,26098.54881,21537462.67
388,1404,Other rural Masterton District,Other rural Masterton District,22,Rural other,2277.817147,2277.817147,354592.7054,2277855828
389,1405,Castlepoint,Castlepoint,21,Rural settlement,0.81352086,0.81352086,5390.648209,813425.1961
390,1406,Carterton,Carterton,14,Small urban area,5.29754813,5.29754813,11630.94198,5297767.682
391,1407,Other rural Carterton District,Other rural Carterton District,22,Rural other,1174.612617,1174.612617,333622.4836,1174611577
392,1408,Featherston,Featherston,14,Small urban area,3.18957748,3.18957748,9388.612394,3189708.208
393,1409,Inland water South Wairarapa District,Inland water South Wairarapa District,31,Inland water,0,70.08799087,63181.53668,70088402.72
394,1410,Greytown,Greytown,14,Small urban area,5.06897529,5.06897529,14390.50317,5069169.603
395,1411,Martinborough,Martinborough,14,Small urban area,4.49940184,4.49940184,10196.63301,4499604.096
396,1412,Other rural South Wairarapa District,Other rural South Wairarapa District,22,Rural other,2374.996524,2374.996524,414198.1177,2374996725
397,1413,Three Kings Islands,Three Kings Islands,22,Rural other,4.96643395,4.96643395,34486.44102,4964839.054
398,1417,Islands Bay of Plenty Region,Islands Bay of Plenty Region,22,Rural other,24.87847098,24.87847098,58944.7725,24878353.13
399,1420,Island Hawke's Bay Region,Island Hawke's Bay Region,22,Rural other,0.13162933,0.13162933,2288.45549,131642.5243
400,1421,Waihī Beach-Bowentown,Waihi Beach-Bowentown,14,Small urban area,6.31401976,6.31401976,24425.67521,6313759.51
401,2001,Collingwood,Collingwood,21,Rural settlement,1.71979106,1.71979106,9024.80961,1719843.93
402,2002,Parapara,Parapara,21,Rural settlement,0.68978899,0.68978899,8182.230283,689811.9661
403,2004,Tākaka,Takaka,14,Small urban area,12.51704766,12.51704766,21226.86961,12517008.81
404,2005,Ligar Bay,Ligar Bay,21,Rural settlement,2.23868533,2.23868533,13598.62177,2239111.856
405,2006,Pōhara,Pohara,21,Rural settlement,8.06254656,8.06254656,26684.85559,8062130.066
406,2007,Mārahau,Marahau,21,Rural settlement,6.14381162,6.14381162,19242.02949,6143569.879
407,2008,Kaiteriteri,Kaiteriteri,21,Rural settlement,3.5512474,3.5512474,15316.74572,3551054.095
408,2009,Rīwaka,Riwaka,21,Rural settlement,5.49211852,5.49211852,10728.98857,5492320.787
409,2010,Motueka,Motueka,14,Small urban area,13.40581429,13.40581429,23157.40245,13406121.9
410,2011,Other rural Tasman District,Other rural Tasman District,22,Rural other,9495.977118,9495.977118,1219619.967,9495969680
411,2012,Tasman,Tasman,21,Rural settlement,6.53674105,6.53674105,21652.85396,6537067.855
412,2013,Tapawera,Tapawera,21,Rural settlement,6.1411931,6.1411931,11635.60042,6141275.356
413,2014,Ruby Bay,Ruby Bay,21,Rural settlement,2.9146128,2.9146128,9912.002023,2914771.337
414,2015,Murchison,Murchison,21,Rural settlement,4.3362175,4.3362175,9611.93908,4335887.007
415,2016,Māpua,Mapua,14,Small urban area,2.3164847,2.3164847,9969.156481,2316376.073
416,2017,Wakefield,Wakefield,14,Small urban area,9.92316763,9.92316763,18051.07957,9922597.571
417,2018,Brightwater,Brightwater,14,Small urban area,4.66708276,4.66708276,12180.79398,4667727.454
418,2019,Hope,Hope,14,Small urban area,7.54407244,7.54407244,17293.54253,7545311.977
419,2020,Richmond,Richmond,13,Medium urban area,17.3684967,17.3684967,23787.6211,17367786.38
420,2021,Inland water Tasman District,Inland water Tasman District,31,Inland water,0,33.51015422,56197.89429,33510444.12
421,2022,St Arnaud,St Arnaud,21,Rural settlement,6.28870817,6.28870817,15755.30796,6288752.031
422,2024,Nelson,Nelson,12,Large urban area,54.33506848,54.33506848,73200.20075,54333993.25
423,2025,Other rural Nelson City,Other rural Nelson City,22,Rural other,366.38566,366.38566,158500.0553,366386116.8
424,2026,Ōkiwi Bay,Okiwi Bay,21,Rural settlement,1.08152122,1.08152122,6739.407159,1081680.638
425,2027,Rai Valley,Rai Valley,21,Rural settlement,27.9574481,27.9574481,27181.8549,27958095.2
426,2028,Havelock,Havelock,21,Rural settlement,1.67333608,1.67333608,10304.13029,1673270.431
427,2030,Anakiwa,Anakiwa,21,Rural settlement,1.16793687,1.16793687,6394.143746,1167708.861
428,2031,Wairau Valley,Wairau Valley,21,Rural settlement,3.49841692,3.49841692,8906.310895,3498303.106
429,2032,Ngākuta Bay,Ngakuta Bay,21,Rural settlement,0.31413438,0.31413438,4482.73551,314114.8267
430,2033,Picton,Picton,14,Small urban area,9.16456883,9.16456883,34396.79111,9163404.522
431,2034,Other rural Marlborough District,Other rural Marlborough District,22,Rural other,10362.18938,10362.18938,2449722.745,10362203773
432,2035,Renwick,Renwick,14,Small urban area,2.31964386,2.31964386,7457.493774,2319532.271
433,2036,Tuamarina,Tuamarina,21,Rural settlement,9.68415518,9.68415518,13077.40527,9684126.429
434,2037,Woodbourne,Woodbourne,21,Rural settlement,3.79133535,3.79133535,8745.348486,3791434.906
435,2038,Spring Creek,Spring Creek,21,Rural settlement,3.30184639,3.30184639,7698.310019,3301484.816
436,2039,Marlborough Ridge,Marlborough Ridge,21,Rural settlement,1.51295775,1.51295775,6267.287621,1512897.86
437,2040,Rārangi,Rarangi,21,Rural settlement,4.81854424,4.81854424,16267.50831,4819608.603
438,2041,Grovetown,Grovetown,21,Rural settlement,2.88756611,2.88756611,9066.157176,2887360.206
439,2042,Blenheim,Blenheim,13,Medium urban area,17.20432693,17.20432693,27199.17967,17204320.45
440,2043,Seddon,Seddon,21,Rural settlement,1.66178243,1.66178243,5880.402123,1661748.544
441,2044,Inland water Marlborough District,Inland water Marlborough District,31,Inland water,0,12.7916811,16630.43035,12791741
442,2045,Ward,Ward,21,Rural settlement,3.56309936,3.56309936,12399.82782,3563111.517
443,2046,Other rural Kaikōura District,Other rural Kaikoura District,22,Rural other,2037.525055,2037.525055,307232.3015,2037525204
444,2047,Kaikōura,Kaikoura,14,Small urban area,9.28286801,9.28286801,32165.8776,9283190.585
445,2048,Karamea,Karamea,21,Rural settlement,66.07682342,66.07682342,56791.70315,66076884.76
446,2050,Carters Beach,Carters Beach,21,Rural settlement,0.58653428,0.58653428,4318.556356,586511.7953
447,2051,Westport,Westport,14,Small urban area,11.53102639,11.53102639,27168.1759,11531617.82
448,2052,Ngākawau,Ngakawau,21,Rural settlement,2.5318155,2.5318155,9347.675253,2531805.216
449,2053,Granity,Granity,21,Rural settlement,1.95714043,1.95714043,9446.410346,1957151.244
450,2054,Waimangaroa,Waimangaroa,21,Rural settlement,1.57695699,1.57695699,6686.849837,1576510.69
451,2055,Other rural Buller District,Other rural Buller District,22,Rural other,7856.465586,7856.465586,818871.4091,7856468382
452,2056,Reefton,Reefton,14,Small urban area,2.62641709,2.62641709,9893.304773,2626609.689
453,2057,Rūnanga,Runanga,14,Small urban area,4.5051542,4.5051542,17127.64446,4506106.168
454,2058,Greymouth,Greymouth,14,Small urban area,27.83278323,27.83278323,49491.85876,27837907.34
455,2059,Blackball,Blackball,21,Rural settlement,1.93533106,1.93533106,7554.434453,1935288.672
456,2060,Dobson,Dobson,21,Rural settlement,4.18805148,4.18805148,11646.23364,4188552.579
457,2061,Ahaura,Ahaura,21,Rural settlement,0.38627548,0.38627548,2939.846528,386338.5737
458,2062,Other rural Grey District,Other rural Grey District,22,Rural other,3414.279053,3414.279053,464212.2745,3414276840
459,2063,Moana,Moana,21,Rural settlement,0.58282035,0.58282035,4930.711651,583085.6395
460,2064,Inland water Grey District,Inland water Grey District,31,Inland water,0,41.14470401,53890.1923,41144906.14
461,2065,Gloriavale,Gloriavale,21,Rural settlement,20.73284066,20.73284066,21743.75998,20731956.68
462,2066,Haast,Haast,21,Rural settlement,0.57277544,0.57277544,3451.572147,572757.3828
463,2068,Hokitika,Hokitika,14,Small urban area,3.60069647,3.60069647,8368.505465,3600394.877
464,2069,Kaniere,Kaniere,21,Rural settlement,1.30587137,1.30587137,5602.948519,1306076.63
465,2070,Ross,Ross,21,Rural settlement,8.87154346,8.87154346,14637.13735,8871252.619
466,2071,Kūmara,Kumara,21,Rural settlement,2.69453902,2.69453902,7955.462937,2694813.046
467,2072,Inland water Westland District,Inland water Westland District,31,Inland water,0,34.87383804,77746.18244,34873643.31
468,2073,Fox Glacier,Fox Glacier,21,Rural settlement,1.91658094,1.91658094,6845.69293,1916248.595
469,2074,Other rural Westland District,Other rural Westland District,22,Rural other,11753.15542,11753.15542,1252421.639,11753151157
470,2075,Franz Josef,Franz Josef,21,Rural settlement,5.31004883,5.31004883,12842.12631,5310234.826
471,2076,Harihari,Harihari,21,Rural settlement,50.43150137,50.43150137,36573.01913,50431284.86
472,2077,Inland water Hurunui District,Inland water Hurunui District,31,Inland water,0,13.53773114,24843.29275,13537777.53
473,2078,Hanmer Springs,Hanmer Springs,21,Rural settlement,4.00583129,4.00583129,11082.76725,4006018.679
474,2079,Other rural Hurunui District,Other rural Hurunui District,22,Rural other,8625.557008,8625.557008,674475.2653,8625553843
475,2080,Rotherham,Rotherham,21,Rural settlement,0.56341674,0.56341674,3882.08854,563396.0356
476,2081,Culverden,Culverden,21,Rural settlement,1.03715914,1.03715914,5579.464129,1037219.628
477,2082,Hawarden,Hawarden,21,Rural settlement,0.97716054,0.97716054,4585.199835,977397.0826
478,2083,Waiau,Waiau,21,Rural settlement,0.97307655,0.97307655,5193.812668,972962.7115
479,2084,Waikari,Waikari,21,Rural settlement,0.79168887,0.79168887,7380.795166,792013.8173
480,2085,Waipara,Waipara,21,Rural settlement,0.59325935,0.59325935,5164.753373,593322.4527
481,2086,Amberley,Amberley,14,Small urban area,3.62319426,3.62319426,11329.56225,3623511.507
482,2087,Leithfield,Leithfield,21,Rural settlement,1.28951748,1.28951748,5780.756294,1289556.162
483,2088,Amberley Beach,Amberley Beach,21,Rural settlement,0.20659283,0.20659283,2368.725682,206492.2513
484,2089,Cheviot,Cheviot,21,Rural settlement,1.05472596,1.05472596,6812.675201,1054737.68
485,2090,Leithfield Beach,Leithfield Beach,21,Rural settlement,0.29104807,0.29104807,3107.965637,291145.5628
486,2091,Oxford,Oxford,14,Small urban area,11.81747088,11.81747088,19093.22779,11818118.17
487,2092,Other rural Waimakariri District,Other rural Waimakariri District,22,Rural other,2151.447268,2151.447268,381448.8791,2151448023
488,2093,Cust,Cust,21,Rural settlement,2.78155342,2.78155342,12979.79326,2782059.749
489,2094,Ashley,Ashley,21,Rural settlement,4.66007299,4.66007299,11298.96644,4660064.297
490,2095,Sefton,Sefton,21,Rural settlement,0.87479414,0.87479414,4427.221841,874298.5315
491,2096,Rangiora,Rangiora,13,Medium urban area,15.25162001,15.25162001,25675.18011,15252383.3
492,2097,Waikuku,Waikuku,21,Rural settlement,1.59735645,1.59735645,5104.007151,1597938.441
493,2098,Waikuku Beach,Waikuku Beach,21,Rural settlement,1.29869457,1.29869457,6160.268169,1298612.554
494,2099,Woodend,Woodend,14,Small urban area,3.48672389,3.48672389,9105.268941,3486056.676
495,2100,Pegasus,Pegasus,14,Small urban area,6.33679729,6.33679729,11458.87566,6336967.846
496,2101,Woodend Beach,Woodend Beach,21,Rural settlement,2.62412987,2.62412987,7093.067185,2624517.022
497,2102,Kaiapoi,Kaiapoi,13,Medium urban area,14.35163041,14.35163041,20502.54299,14351404.46
498,2103,The Pines Beach,The Pines Beach,21,Rural settlement,0.59641809,0.59641809,3934.575422,596351.6537
499,2105,Spencerville,Spencerville,21,Rural settlement,0.33615724,0.33615724,3438.507963,335899.9361
500,2106,Christchurch,Christchurch,11,Major urban area,294.7322281,294.7322281,143756.2298,294732795.9
501,2107,Governors Bay,Governors Bay,21,Rural settlement,3.23753349,3.23753349,14801.676,3237767.872
502,2108,Lyttelton,Lyttelton,14,Small urban area,4.45490505,4.45490505,23002.98271,4454898.393
503,2109,Diamond Harbour,Diamond Harbour,14,Small urban area,4.06522169,4.06522169,15081.66261,4065190.757
504,2110,Pūrau,Purau,21,Rural settlement,0.21231506,0.21231506,3310.249054,212294.6465
505,2111,Inland water Christchurch City,Inland water Christchurch City,31,Inland water,0,69.55976536,94640.23517,69560342.7
506,2112,Other rural Christchurch City,Other rural Christchurch City,22,Rural other,1095.377219,1095.377219,625056.898,1095378332
507,2114,Birdlings Flat,Birdlings Flat,21,Rural settlement,0.4392349,0.4392349,5330.068571,439522.2389
508,2115,Little River,Little River,21,Rural settlement,2.63824483,2.63824483,10483.23249,2638497.61
509,2116,Duvauchelle,Duvauchelle,21,Rural settlement,1.64735329,1.64735329,11696.94969,1647345.276
510,2117,Takamatua,Takamatua,21,Rural settlement,6.29902473,6.29902473,17690.42302,6298842.032
511,2118,Akaroa,Akaroa,21,Rural settlement,2.02993521,2.02993521,11499.90083,2029934.24
512,2119,Arthurs Pass,Arthurs Pass,21,Rural settlement,0.27251039,0.27251039,4905.941014,272565.1656
513,2120,Castle Hill,Castle Hill,21,Rural settlement,0.61429621,0.61429621,4427.741526,614349.0007
514,2121,Other rural Selwyn District,Other rural Selwyn District,22,Rural other,6302.244963,6302.244963,795668.0798,6302244654
515,2122,Springfield,Springfield,21,Rural settlement,1.88863804,1.88863804,7737.036185,1888187.686
516,2123,Malvern Hills-Whitecliffs,Malvern Hills-Whitecliffs,21,Rural settlement,1.24195602,1.24195602,8388.791768,1241888.192
517,2124,Sheffield and Waddington,Sheffield and Waddington,21,Rural settlement,0.7754335,0.7754335,7820.555055,775615.4086
518,2125,Glentunnel,Glentunnel,21,Rural settlement,0.20794634,0.20794634,3498.265455,208030.7006
519,2126,Coalgate,Coalgate,21,Rural settlement,0.74742481,0.74742481,6056.570117,747755.826
520,2127,Hororata,Hororata,21,Rural settlement,1.17344905,1.17344905,6077.029402,1173454.321
521,2128,Darfield,Darfield,14,Small urban area,15.14334165,15.14334165,20447.83598,15144656.03
522,2129,Kirwee,Kirwee,21,Rural settlement,3.68076248,3.68076248,12142.20796,3680680.096
523,2130,West Melton,West Melton,14,Small urban area,5.31923548,5.31923548,14287.55373,5318595.963
524,2131,Dunsandel,Dunsandel,21,Rural settlement,1.93619858,1.93619858,7592.431049,1936484.272
525,2132,Burnham Camp,Burnham Camp,21,Rural settlement,1.49394208,1.49394208,5113.876204,1493929.457
526,2133,Inland water Selwyn District,Inland water Selwyn District,31,Inland water,0,171.7386137,128732.3472,171738746.2
527,2134,Rolleston,Rolleston,13,Medium urban area,22.07562359,22.07562359,23402.39505,22075852.29
528,2135,Prebbleton,Prebbleton,14,Small urban area,5.09778177,5.09778177,11680.09585,5096922.603
529,2136,Springston,Springston,21,Rural settlement,0.36774072,0.36774072,3884.699652,367755.3311
530,2137,Leeston,Leeston,14,Small urban area,2.43667042,2.43667042,10922.68088,2436501.744
531,2138,Doyleston,Doyleston,21,Rural settlement,0.60366648,0.60366648,3895.836945,603886.0215
532,2139,Lincoln,Lincoln,14,Small urban area,9.05756634,9.05756634,15311.83545,9057477.787
533,2140,Southbridge,Southbridge,21,Rural settlement,2.21954363,2.21954363,8137.238195,2219209.596
534,2141,Selwyn Huts,Selwyn Huts,21,Rural settlement,0.12836238,0.12836238,1688.313505,128436.1484
535,2142,Tai Tapu,Tai Tapu,21,Rural settlement,2.42082068,2.42082068,8352.862528,2420784.499
536,2143,Inland water Ashburton District,Inland water Ashburton District,31,Inland water,0,8.06393409,37894.75558,8063997.638
537,2144,Other rural Ashburton District,Other rural Ashburton District,22,Rural other,6110.863075,6110.863075,534262.5843,6110860711
538,2145,Mount Somers,Mount Somers,21,Rural settlement,2.59730879,2.59730879,7834.9337,2597289.591
539,2146,Methven,Methven,14,Small urban area,4.16480223,4.16480223,11890.3439,4164785.979
540,2147,Hinds,Hinds,21,Rural settlement,2.1832629,2.1832629,7467.529636,2183192.59
541,2148,Ashburton,Ashburton,13,Medium urban area,37.9341141,37.9341141,43083.5012,37934653.7
542,2149,Rākaia,Rakaia,14,Small urban area,11.30140457,11.30140457,15304.17773,11300962.66
543,2150,Lake Hood,Lake Hood,21,Rural settlement,12.40696964,12.40696964,33675.4192,12407119.51
544,2151,Other rural Timaru District,Other rural Timaru District,22,Rural other,2670.630383,2670.630383,530529.0994,2670631304
545,2152,Woodbury,Woodbury,21,Rural settlement,0.25989034,0.25989034,2378.907754,259886.8916
546,2153,Geraldine,Geraldine,14,Small urban area,3.12428911,3.12428911,12553.39708,3124085.941
547,2154,Cave,Cave,21,Rural settlement,1.23841466,1.23841466,5045.232311,1238203.692
548,2155,Ōrarī,Orari,21,Rural settlement,3.1692512,3.1692512,8232.107911,3168977.287
549,2156,Pleasant Point,Pleasant Point,14,Small urban area,5.20894215,5.20894215,11261.9432,5209210.797
550,2157,Winchester,Winchester,21,Rural settlement,0.67894278,0.67894278,6026.994495,679112.2752
551,2158,Temuka,Temuka,14,Small urban area,8.35436879,8.35436879,16034.58916,8355099.626
552,2159,Waipōpō,Waipopo,21,Rural settlement,0.25121367,0.25121367,3260.095882,251158.52
553,2160,Milford Huts,Milford Huts,21,Rural settlement,1.17793496,1.17793496,6949.933374,1177710.282
554,2161,Timaru,Timaru,13,Medium urban area,33.98354733,33.98354733,51199.98005,33984452.91
555,2163,Pareora,Pareora,21,Rural settlement,4.32924481,4.32924481,8414.100472,4329090.28
556,2164,Mt Cook Village,Mt Cook Village,21,Rural settlement,9.68129124,9.68129124,16595.7949,9681294.543
557,2165,Inland water Mackenzie District,Inland water Mackenzie District,31,Inland water,0,303.7817024,234558.998,303781127.2
558,2166,Other rural Mackenzie District,Other rural Mackenzie District,22,Rural other,7098.687614,7098.687614,780443.3201,7098688644
559,2167,Tekapō,Tekapo,21,Rural settlement,4.1913072,4.1913072,13268.52112,4191266.986
560,2168,Twizel,Twizel,14,Small urban area,21.07704588,21.07704588,29383.85504,21077422.19
561,2169,Fairlie,Fairlie,21,Rural settlement,4.95329511,4.95329511,14093.05602,4952937.127
562,2170,Inland water Waimate District,Inland water Waimate District,31,Inland water,0,28.61528708,105228.7339,28614975.37
563,2171,Other rural Waimate District,Other rural Waimate District,22,Rural other,3543.112556,3543.112556,328789.4774,3543113165
564,2172,St Andrews,St Andrews,21,Rural settlement,0.59045131,0.59045131,4110.262226,590485.9745
565,2173,Mākikihi,Makikihi,21,Rural settlement,0.33497646,0.33497646,2680.720408,335147.4479
566,2174,Waimate,Waimate,14,Small urban area,8.00809457,8.00809457,12533.40996,8007737.75
567,2175,Glenavy,Glenavy,21,Rural settlement,2.40037215,2.40037215,7158.054416,2400830.153
568,2177,Waitangi (Chatham Islands),Waitangi (Chatham Islands),21,Rural settlement,4.85750746,4.85750746,17725.35289,4857947.976
569,2178,Other rural Chatham Islands,Other rural Chatham Islands,22,Rural other,789.0172395,789.0172395,475491.3604,789019229.6
570,2179,Inland water Chatham Islands,Inland water Chatham Islands,31,Inland water,0,14.39055846,21994.24368,14390623.89
571,2180,Inland water Waitaki District,Inland water Waitaki District,31,Inland water,0,108.5827031,238968.8684,108582790.4
572,2181,Ōmārama,Omarama,21,Rural settlement,8.30457885,8.30457885,13461.48763,8304811.305
573,2182,Otematata,Otematata,21,Rural settlement,2.42618982,2.42618982,8627.674463,2426087.903
574,2183,Other rural Waitaki District,Other rural Waitaki District,22,Rural other,7042.158082,7042.158082,883882.2748,7042156768
575,2184,Kurow,Kurow,21,Rural settlement,4.90590181,4.90590181,12133.59106,4906165.798
576,2185,Duntroon,Duntroon,21,Rural settlement,5.13298796,5.13298796,9921.916702,5133376.448
577,2186,Maheno,Maheno,21,Rural settlement,0.56111045,0.56111045,4525.885005,561262.1044
578,2187,Oamaru,Oamaru,13,Medium urban area,21.46050044,21.46050044,40072.73389,21461150.33
579,2188,Herbert,Herbert,21,Rural settlement,1.10748487,1.10748487,4529.206591,1107371.121
580,2190,Kakanui,Kakanui,21,Rural settlement,2.02441835,2.02441835,7828.090866,2024365.393
581,2191,Hampden,Hampden,21,Rural settlement,2.55648536,2.55648536,6744.962081,2556003.954
582,2192,Moeraki,Moeraki,21,Rural settlement,8.53401569,8.53401569,18692.02602,8534225.302
583,2193,Palmerston,Palmerston,21,Rural settlement,8.77144674,8.77144674,13988.37376,8770515.111
584,2194,Pisa Moorings,Pisa Moorings,21,Rural settlement,1.34629765,1.34629765,7525.258247,1346937.713
585,2195,Cromwell,Cromwell,14,Small urban area,15.62763283,15.62763283,21644.09919,15628024.12
586,2196,Bannockburn,Bannockburn,21,Rural settlement,16.90709326,16.90709326,30335.31613,16907037.13
587,2197,Clyde,Clyde,14,Small urban area,2.08072882,2.08072882,6821.543148,2080413.426
588,2198,Inland water Central Otago District,Inland water Central Otago District,31,Inland water,0,35.02796257,133017.1686,35027663.84
589,2199,Omakau,Omakau,21,Rural settlement,21.47356691,21.47356691,22169.71579,21474293.33
590,2200,Alexandra,Alexandra,14,Small urban area,9.7604017,9.7604017,17986.85337,9760031.008
591,2201,Other rural Central Otago District,Other rural Central Otago District,22,Rural other,9849.501996,9849.501996,863549.0287,9849500944
592,2202,Lake Roxburgh Village,Lake Roxburgh Village,21,Rural settlement,0.68523506,0.68523506,4059.451854,685206.3595
593,2203,Roxburgh,Roxburgh,21,Rural settlement,2.06066017,2.06066017,7116.415928,2060659.876
594,2204,Naseby,Naseby,21,Rural settlement,0.86039066,0.86039066,4317.437306,860475.5286
595,2205,Ranfurly,Ranfurly,21,Rural settlement,3.86141783,3.86141783,8353.875971,3862289.176
596,2206,Ettrick,Ettrick,21,Rural settlement,8.16629871,8.16629871,14421.10387,8166788.576
597,2207,Millers Flat,Millers Flat,21,Rural settlement,0.99498199,0.99498199,5369.284008,994973.8981
598,2208,Glenorchy,Glenorchy,21,Rural settlement,3.93234714,3.93234714,10556.94154,3932471.621
599,2209,Other rural Queenstown-Lakes District,Other rural Queenstown-Lakes District,22,Rural other,8599.20561,8599.20561,1244925.082,8599203186
600,2210,Inland water Queenstown-Lakes District,Inland water Queenstown-Lakes District,31,Inland water,0,655.4896389,547053.8805,655489617.2
601,2211,Arthurs Point,Arthurs Point,14,Small urban area,5.52326432,5.52326432,16196.37496,5522685.829
602,2212,Wānaka,Wanaka,14,Small urban area,28.61178542,28.61178542,31192.41018,28611529.83
603,2213,Lake Hāwea,Lake Hawea,14,Small urban area,2.39122281,2.39122281,6985.636897,2391106.594
604,2214,Millbrook,Millbrook,21,Rural settlement,3.31805362,3.31805362,8566.133239,3318200.189
605,2215,Hāwea Flat,Hawea Flat,21,Rural settlement,16.65713725,16.65713725,20095.74225,16658623.39
606,2216,Arrowtown,Arrowtown,14,Small urban area,2.36226108,2.36226108,7695.818002,2362631.038
607,2217,Queenstown,Queenstown,13,Medium urban area,28.35995671,28.35995671,62704.24869,28359989.84
608,2218,Lake Hayes,Lake Hayes,14,Small urban area,10.89573717,10.89573717,24660.18407,10896035.42
609,2219,Jacks Point,Jacks Point,21,Rural settlement,14.47989419,14.47989419,19611.34857,14480124.73
610,2220,Luggate,Luggate,21,Rural settlement,1.19065913,1.19065913,5529.345501,1190580.224
611,2221,Kingston,Kingston,21,Rural settlement,2.77594117,2.77594117,10847.4104,2776330.31
612,2222,Middlemarch,Middlemarch,21,Rural settlement,1.05436205,1.05436205,5449.838848,1054375.307
613,2223,Other rural Dunedin City,Other rural Dunedin City,22,Rural other,3142.536887,3142.536887,622903.4946,3142537027
614,2224,Outram,Outram,21,Rural settlement,0.79792416,0.79792416,5661.121208,798010.4813
615,2225,Waikouaiti,Waikouaiti,14,Small urban area,7.32830262,7.32830262,19230.58714,7327770.968
616,2226,Karitāne,Karitane,21,Rural settlement,1.29339526,1.29339526,8495.925273,1293224.517
617,2227,Allanton,Allanton,21,Rural settlement,0.78534133,0.78534133,3912.485374,785228.7408
618,2228,Warrington,Warrington,21,Rural settlement,7.39115343,7.39115343,17839.45488,7391167.645
619,2229,Mosgiel,Mosgiel,13,Medium urban area,16.9661162,16.9661162,24909.45888,16966823.43
620,2230,Waitati-Doctors Point,Waitati-Doctors Point,21,Rural settlement,2.69427092,2.69427092,21413.23209,2694708.022
621,2231,Pūrākaunui,Purakaunui,21,Rural settlement,2.8423691,2.8423691,11862.99311,2842466.527
622,2232,Brighton,Brighton,14,Small urban area,3.39818931,3.39818931,18173.72269,3398278.52
623,2233,Dunedin,Dunedin,11,Major urban area,91.56835509,91.56835509,143277.9943,91567222.01
624,2235,Aramoana,Aramoana,21,Rural settlement,0.45210425,0.45210425,2868.239883,452039.1744
625,2236,Harwood,Harwood,21,Rural settlement,1.51224136,1.51224136,5272.353254,1512160.333
626,2237,Ōtākou-Harington Point,Otakou-Harington Point,21,Rural settlement,5.65153876,5.65153876,14437.71982,5651760.945
627,2238,Tapanui,Tapanui,21,Rural settlement,1.973112,1.973112,7933.668122,1972965.674
628,2239,Lawrence,Lawrence,21,Rural settlement,2.19222046,2.19222046,6266.24656,2191991.263
629,2240,Other rural Clutha District,Other rural Clutha District,22,Rural other,6307.260209,6307.260209,872313.3311,6307264050
630,2241,Clinton,Clinton,21,Rural settlement,0.71897967,0.71897967,4794.891056,718922.4757
631,2242,Inland water Clutha District,Inland water Clutha District,31,Inland water,0,27.79593594,183589.1766,27796298.48
632,2243,Balclutha,Balclutha,14,Small urban area,7.54736528,7.54736528,15752.36153,7546921.723
633,2244,Waihola,Waihola,21,Rural settlement,1.63426279,1.63426279,7429.618514,1634213.5
634,2245,Benhar,Benhar,21,Rural settlement,0.71157139,0.71157139,4997.460099,711504.2685
635,2246,Milton,Milton,14,Small urban area,4.16430254,4.16430254,13867.08825,4163955.695
636,2247,Stirling,Stirling,21,Rural settlement,0.99583027,0.99583027,4642.064721,995811.3785
637,2248,Kaitangata,Kaitangata,21,Rural settlement,2.53782316,2.53782316,10274.70433,2537767.169
638,2249,Taieri Mouth,Taieri Mouth,21,Rural settlement,3.24628206,3.24628206,13815.53596,3246873.454
639,2250,Owaka,Owaka,21,Rural settlement,0.75967076,0.75967076,4513.856995,759727.6229
640,2251,Kaka Point,Kaka Point,21,Rural settlement,0.36095518,0.36095518,2922.724584,360922.342
641,2253,Pounawea,Pounawea,21,Rural settlement,0.37176076,0.37176076,3066.506232,371791.5967
642,2254,Inland water Southland District,Inland water Southland District,31,Inland water,0,651.281644,836878.2783,651281692.2
643,2255,Te Ānau,Te Anau,14,Small urban area,5.57469753,5.57469753,12347.33394,5574305.889
644,2256,Manapōuri,Manapouri,21,Rural settlement,1.36370999,1.36370999,8079.803842,1363639.654
645,2257,Other rural Southland District,Other rural Southland District,22,Rural other,29505.15293,29505.15293,4973973.454,29505143062
646,2258,Mossburn,Mossburn,21,Rural settlement,1.33515716,1.33515716,6632.875674,1334864.069
647,2259,Ōhai,Ohai,21,Rural settlement,1.10058557,1.10058557,8403.388406,1100313.084
648,2260,Tuatapere,Tuatapere,21,Rural settlement,1.99566197,1.99566197,12392.4453,1996165.605
649,2261,Nightcaps,Nightcaps,21,Rural settlement,3.19009905,3.19009905,9937.943354,3189947.765
650,2262,Lumsden,Lumsden,21,Rural settlement,3.63289578,3.63289578,8845.200505,3632849.413
651,2263,Ōtautau,Otautau,21,Rural settlement,2.60004093,2.60004093,9571.565409,2600223.823
652,2264,Balfour,Balfour,21,Rural settlement,0.48461308,0.48461308,4344.309621,484681.8676
653,2265,Waikaia,Waikaia,21,Rural settlement,1.25682117,1.25682117,4903.003778,1256977.96
654,2266,Winton,Winton,14,Small urban area,3.07718766,3.07718766,10101.03179,3076979.505
655,2267,Riversdale,Riversdale,21,Rural settlement,1.689684,1.689684,7727.11782,1689667.822
656,2268,Riverton,Riverton,14,Small urban area,8.74470214,8.74470214,22302.86735,8744595.339
657,2269,Wallacetown,Wallacetown,21,Rural settlement,0.86953161,0.86953161,6307.416541,869700.8276
658,2270,Woodlands,Woodlands,21,Rural settlement,24.01023591,24.01023591,28971.28255,24011073.36
659,2271,Edendale,Edendale,21,Rural settlement,2.91780567,2.91780567,8145.067645,2918066.696
660,2272,Wyndham,Wyndham,21,Rural settlement,2.94780468,2.94780468,7984.773639,2947867.819
661,2273,Oban,Oban,21,Rural settlement,2.5906109,2.5906109,16241.14811,2590739.801
662,2274,Other rural Gore District,Other rural Gore District,22,Rural other,1234.772171,1234.772171,277030.1389,1234765297
663,2275,Gore,Gore,14,Small urban area,13.76212629,13.76212629,26048.0531,13761590.76
664,2276,Mataura,Mataura,14,Small urban area,5.32047517,5.32047517,16466.17432,5320727.426
665,2278,Invercargill,Invercargill,12,Large urban area,60.69698962,60.69698962,61451.82049,60695888.85
666,2279,Kennington,Kennington,21,Rural settlement,1.16478884,1.16478884,5383.633072,1164603.992
667,2280,Other rural Invercargill City,Other rural Invercargill City,22,Rural other,317.9189303,317.9189303,267947.8962,317921691.8
668,2281,Bluff,Bluff,14,Small urban area,10.09864687,10.09864687,24977.62991,10098558.9
669,2282,Island Canterbury Region,Island Canterbury Region,22,Rural other,0.0814742,0.0814742,1427.156234,81511.57202
